{"Date":{"0":1662076800000,"1":1662163200000,"2":1662249600000,"3":1662336000000,"4":1662422400000,"5":1662508800000,"6":1662595200000,"7":1662681600000,"8":1662768000000,"9":1662854400000,"10":1662940800000,"11":1663027200000,"12":1663113600000,"13":1663200000000,"14":1663286400000,"15":1663372800000,"16":1663459200000,"17":1663545600000,"18":1663632000000,"19":1663718400000,"20":1663804800000,"21":1663891200000,"22":1663977600000,"23":1664064000000,"24":1664150400000,"25":1664236800000,"26":1664323200000,"27":1664409600000,"28":1664496000000,"29":1664582400000,"30":1664668800000,"31":1664755200000,"32":1664841600000,"33":1664928000000,"34":1665014400000,"35":1665100800000,"36":1665187200000,"37":1665273600000,"38":1665360000000,"39":1665446400000,"40":1665532800000,"41":1665619200000,"42":1665705600000,"43":1665792000000,"44":1665878400000,"45":1665964800000,"46":1666051200000,"47":1666137600000,"48":1666224000000,"49":1666310400000,"50":1666396800000,"51":1666483200000,"52":1666569600000,"53":1666656000000,"54":1666742400000,"55":1666828800000,"56":1666915200000,"57":1667001600000,"58":1667088000000,"59":1667174400000},"Best_Model":{"0":158.6724829254,"1":158.2486984192,"2":157.6840417997,"3":156.822337593,"4":156.9212900876,"5":156.5244531667,"6":156.3084414918,"7":156.7297653222,"8":156.4341280612,"9":156.286097557,"10":156.1877806183,"11":155.9878340347,"12":155.8151730152,"13":155.7518364707,"14":155.7111328095,"15":155.4952635172,"16":155.3276647106,"17":155.1440087883,"18":154.9407653179,"19":154.8250170212,"20":154.7323498291,"21":154.6034639577,"22":154.4146979728,"23":154.2117257922,"24":154.0310597218,"25":153.8949329864,"26":153.7899223112,"27":153.6792837317,"28":153.5243780784,"29":153.3496044834,"30":153.2172443395,"31":153.1299518546,"32":153.0331657012,"33":152.882028549,"34":152.7117173417,"35":152.5475214964,"36":152.4090404896,"37":152.3095527332,"38":152.2214127521,"39":152.0924258449,"40":151.9090338145,"41":151.7387035003,"42":151.6047226245,"43":151.497941556,"44":151.4038015086,"45":151.2909060226,"46":151.131363605,"47":150.9420277336,"48":150.7978661504,"49":150.699114911,"50":150.6057894693,"51":150.4926384541,"52":150.3472091942,"53":150.1733223328,"54":150.0027145394,"55":149.8946058071,"56":149.817577748,"57":149.7132400096,"58":149.5679667908,"59":149.4003502475}}